year,region,all,event,count,percentage
1982,global,19,3x3x3 Cube,19,100
1982,global,19,3x3x3 Blindfolded,0,0
1982,global,19,3x3x3 Fewest Moves,0,0
1982,global,19,3x3x3 One-Handed,0,0
1982,global,19,4x4x4 Blindfolded,0,0
1982,global,19,4x4x4 Cube,0,0
1982,global,19,5x5x5 Blindfolded,0,0
1982,global,19,5x5x5 Cube,0,0
1982,global,19,Clock,0,0
1982,global,19,Magic,0,0
1982,global,19,Master Magic,0,0
1982,global,19,Megaminx,0,0
1982,global,19,Pyraminx,0,0
1982,global,19,Square-1,0,0
1982,global,19,2x2x2 Cube,0,0
1982,global,19,3x3x3 With Feet,0,0
1982,global,19,6x6x6 Cube,0,0
1982,global,19,7x7x7 Cube,0,0
1982,global,19,Skewb,0,0
1982,malaysia,0,3x3x3 Cube,0,0
1982,malaysia,0,3x3x3 Blindfolded,0,0
1982,malaysia,0,3x3x3 Fewest Moves,0,0
1982,malaysia,0,3x3x3 One-Handed,0,0
1982,malaysia,0,4x4x4 Blindfolded,0,0
1982,malaysia,0,4x4x4 Cube,0,0
1982,malaysia,0,5x5x5 Blindfolded,0,0
1982,malaysia,0,5x5x5 Cube,0,0
1982,malaysia,0,Clock,0,0
1982,malaysia,0,Magic,0,0
1982,malaysia,0,Master Magic,0,0
1982,malaysia,0,Megaminx,0,0
1982,malaysia,0,Pyraminx,0,0
1982,malaysia,0,Square-1,0,0
1982,malaysia,0,2x2x2 Cube,0,0
1982,malaysia,0,3x3x3 With Feet,0,0
1982,malaysia,0,6x6x6 Cube,0,0
1982,malaysia,0,7x7x7 Cube,0,0
1982,malaysia,0,Skewb,0,0
2003,global,90,3x3x3 Cube,85,94.44444444444444
2003,global,90,3x3x3 Blindfolded,3,3.3333333333333335
2003,global,90,3x3x3 Fewest Moves,2,2.2222222222222223
2003,global,90,3x3x3 One-Handed,12,13.333333333333334
2003,global,90,4x4x4 Blindfolded,1,1.1111111111111112
2003,global,90,4x4x4 Cube,22,24.444444444444443
2003,global,90,5x5x5 Blindfolded,1,1.1111111111111112
2003,global,90,5x5x5 Cube,15,16.666666666666664
2003,global,90,Clock,6,6.666666666666667
2003,global,90,Magic,6,6.666666666666667
2003,global,90,Master Magic,5,5.555555555555555
2003,global,90,Megaminx,5,5.555555555555555
2003,global,90,Pyraminx,6,6.666666666666667
2003,global,90,Square-1,4,4.444444444444445
2003,global,90,2x2x2 Cube,0,0
2003,global,90,3x3x3 With Feet,0,0
2003,global,90,6x6x6 Cube,0,0
2003,global,90,7x7x7 Cube,0,0
2003,global,90,Skewb,0,0
2003,malaysia,0,3x3x3 Cube,0,0
2003,malaysia,0,3x3x3 Blindfolded,0,0
2003,malaysia,0,3x3x3 Fewest Moves,0,0
2003,malaysia,0,3x3x3 One-Handed,0,0
2003,malaysia,0,4x4x4 Blindfolded,0,0
2003,malaysia,0,4x4x4 Cube,0,0
2003,malaysia,0,5x5x5 Blindfolded,0,0
2003,malaysia,0,5x5x5 Cube,0,0
2003,malaysia,0,Clock,0,0
2003,malaysia,0,Magic,0,0
2003,malaysia,0,Master Magic,0,0
2003,malaysia,0,Megaminx,0,0
2003,malaysia,0,Pyraminx,0,0
2003,malaysia,0,Square-1,0,0
2003,malaysia,0,2x2x2 Cube,0,0
2003,malaysia,0,3x3x3 With Feet,0,0
2003,malaysia,0,6x6x6 Cube,0,0
2003,malaysia,0,7x7x7 Cube,0,0
2003,malaysia,0,Skewb,0,0
2004,global,205,3x3x3 Cube,204,99.51219512195122
2004,global,205,3x3x3 Blindfolded,17,8.292682926829269
2004,global,205,3x3x3 Fewest Moves,6,2.9268292682926833
2004,global,205,3x3x3 One-Handed,48,23.414634146341466
2004,global,205,4x4x4 Blindfolded,2,0.975609756097561
2004,global,205,4x4x4 Cube,43,20.975609756097562
2004,global,205,5x5x5 Blindfolded,3,1.4634146341463417
2004,global,205,5x5x5 Cube,23,11.219512195121952
2004,global,205,Clock,13,6.341463414634147
2004,global,205,Magic,18,8.780487804878048
2004,global,205,Master Magic,3,1.4634146341463417
2004,global,205,Megaminx,5,2.4390243902439024
2004,global,205,Pyraminx,0,0
2004,global,205,Square-1,6,2.9268292682926833
2004,global,205,2x2x2 Cube,7,3.414634146341464
2004,global,205,3x3x3 With Feet,2,0.975609756097561
2004,global,205,6x6x6 Cube,0,0
2004,global,205,7x7x7 Cube,0,0
2004,global,205,Skewb,0,0
2004,malaysia,0,3x3x3 Cube,0,0
2004,malaysia,0,3x3x3 Blindfolded,0,0
2004,malaysia,0,3x3x3 Fewest Moves,0,0
2004,malaysia,0,3x3x3 One-Handed,0,0
2004,malaysia,0,4x4x4 Blindfolded,0,0
2004,malaysia,0,4x4x4 Cube,0,0
2004,malaysia,0,5x5x5 Blindfolded,0,0
2004,malaysia,0,5x5x5 Cube,0,0
2004,malaysia,0,Clock,0,0
2004,malaysia,0,Magic,0,0
2004,malaysia,0,Master Magic,0,0
2004,malaysia,0,Megaminx,0,0
2004,malaysia,0,Pyraminx,0,0
2004,malaysia,0,Square-1,0,0
2004,malaysia,0,2x2x2 Cube,0,0
2004,malaysia,0,3x3x3 With Feet,0,0
2004,malaysia,0,6x6x6 Cube,0,0
2004,malaysia,0,7x7x7 Cube,0,0
2004,malaysia,0,Skewb,0,0
2005,global,548,3x3x3 Cube,520,94.8905109489051
2005,global,548,3x3x3 Blindfolded,51,9.306569343065693
2005,global,548,3x3x3 Fewest Moves,16,2.9197080291970803
2005,global,548,3x3x3 One-Handed,125,22.81021897810219
2005,global,548,4x4x4 Blindfolded,1,0.18248175182481752
2005,global,548,4x4x4 Cube,175,31.934306569343068
2005,global,548,5x5x5 Blindfolded,2,0.36496350364963503
2005,global,548,5x5x5 Cube,70,12.773722627737227
2005,global,548,Clock,34,6.204379562043796
2005,global,548,Magic,86,15.693430656934307
2005,global,548,Master Magic,19,3.4671532846715327
2005,global,548,Megaminx,17,3.102189781021898
2005,global,548,Pyraminx,10,1.824817518248175
2005,global,548,Square-1,16,2.9197080291970803
2005,global,548,2x2x2 Cube,135,24.635036496350367
2005,global,548,3x3x3 With Feet,13,2.3722627737226274
2005,global,548,6x6x6 Cube,0,0
2005,global,548,7x7x7 Cube,0,0
2005,global,548,Skewb,0,0
2005,malaysia,0,3x3x3 Cube,0,0
2005,malaysia,0,3x3x3 Blindfolded,0,0
2005,malaysia,0,3x3x3 Fewest Moves,0,0
2005,malaysia,0,3x3x3 One-Handed,0,0
2005,malaysia,0,4x4x4 Blindfolded,0,0
2005,malaysia,0,4x4x4 Cube,0,0
2005,malaysia,0,5x5x5 Blindfolded,0,0
2005,malaysia,0,5x5x5 Cube,0,0
2005,malaysia,0,Clock,0,0
2005,malaysia,0,Magic,0,0
2005,malaysia,0,Master Magic,0,0
2005,malaysia,0,Megaminx,0,0
2005,malaysia,0,Pyraminx,0,0
2005,malaysia,0,Square-1,0,0
2005,malaysia,0,2x2x2 Cube,0,0
2005,malaysia,0,3x3x3 With Feet,0,0
2005,malaysia,0,6x6x6 Cube,0,0
2005,malaysia,0,7x7x7 Cube,0,0
2005,malaysia,0,Skewb,0,0
2006,global,844,3x3x3 Cube,821,97.27488151658767
2006,global,844,3x3x3 Blindfolded,122,14.454976303317535
2006,global,844,3x3x3 Fewest Moves,27,3.1990521327014214
2006,global,844,3x3x3 One-Handed,204,24.170616113744074
2006,global,844,4x4x4 Blindfolded,1,0.11848341232227488
2006,global,844,4x4x4 Cube,255,30.213270142180093
2006,global,844,5x5x5 Blindfolded,1,0.11848341232227488
2006,global,844,5x5x5 Cube,115,13.625592417061611
2006,global,844,Clock,46,5.450236966824645
2006,global,844,Magic,150,17.77251184834123
2006,global,844,Master Magic,46,5.450236966824645
2006,global,844,Megaminx,23,2.7251184834123223
2006,global,844,Pyraminx,37,4.383886255924171
2006,global,844,Square-1,35,4.1469194312796205
2006,global,844,2x2x2 Cube,252,29.85781990521327
2006,global,844,3x3x3 With Feet,13,1.5402843601895735
2006,global,844,6x6x6 Cube,0,0
2006,global,844,7x7x7 Cube,0,0
2006,global,844,Skewb,0,0
2006,malaysia,0,3x3x3 Cube,0,0
2006,malaysia,0,3x3x3 Blindfolded,0,0
2006,malaysia,0,3x3x3 Fewest Moves,0,0
2006,malaysia,0,3x3x3 One-Handed,0,0
2006,malaysia,0,4x4x4 Blindfolded,0,0
2006,malaysia,0,4x4x4 Cube,0,0
2006,malaysia,0,5x5x5 Blindfolded,0,0
2006,malaysia,0,5x5x5 Cube,0,0
2006,malaysia,0,Clock,0,0
2006,malaysia,0,Magic,0,0
2006,malaysia,0,Master Magic,0,0
2006,malaysia,0,Megaminx,0,0
2006,malaysia,0,Pyraminx,0,0
2006,malaysia,0,Square-1,0,0
2006,malaysia,0,2x2x2 Cube,0,0
2006,malaysia,0,3x3x3 With Feet,0,0
2006,malaysia,0,6x6x6 Cube,0,0
2006,malaysia,0,7x7x7 Cube,0,0
2006,malaysia,0,Skewb,0,0
2007,global,1498,3x3x3 Cube,1457,97.2630173564753
2007,global,1498,3x3x3 Blindfolded,238,15.887850467289718
2007,global,1498,3x3x3 Fewest Moves,81,5.4072096128170895
2007,global,1498,3x3x3 One-Handed,464,30.97463284379172
2007,global,1498,4x4x4 Blindfolded,18,1.2016021361815754
2007,global,1498,4x4x4 Cube,415,27.703604806408542
2007,global,1498,5x5x5 Blindfolded,10,0.6675567423230975
2007,global,1498,5x5x5 Cube,219,14.619492656875835
2007,global,1498,Clock,77,5.14018691588785
2007,global,1498,Magic,181,12.082777036048064
2007,global,1498,Master Magic,87,5.807743658210948
2007,global,1498,Megaminx,66,4.405874499332444
2007,global,1498,Pyraminx,130,8.678237650200266
2007,global,1498,Square-1,72,4.806408544726302
2007,global,1498,2x2x2 Cube,475,31.708945260347132
2007,global,1498,3x3x3 With Feet,21,1.4018691588785046
2007,global,1498,6x6x6 Cube,0,0
2007,global,1498,7x7x7 Cube,0,0
2007,global,1498,Skewb,0,0
2007,malaysia,1,3x3x3 Cube,1,100
2007,malaysia,1,3x3x3 Blindfolded,0,0
2007,malaysia,1,3x3x3 Fewest Moves,0,0
2007,malaysia,1,3x3x3 One-Handed,0,0
2007,malaysia,1,4x4x4 Blindfolded,0,0
2007,malaysia,1,4x4x4 Cube,0,0
2007,malaysia,1,5x5x5 Blindfolded,0,0
2007,malaysia,1,5x5x5 Cube,0,0
2007,malaysia,1,Clock,0,0
2007,malaysia,1,Magic,0,0
2007,malaysia,1,Master Magic,0,0
2007,malaysia,1,Megaminx,0,0
2007,malaysia,1,Pyraminx,0,0
2007,malaysia,1,Square-1,0,0
2007,malaysia,1,2x2x2 Cube,0,0
2007,malaysia,1,3x3x3 With Feet,0,0
2007,malaysia,1,6x6x6 Cube,0,0
2007,malaysia,1,7x7x7 Cube,0,0
2007,malaysia,1,Skewb,0,0
2008,global,3018,3x3x3 Cube,2943,97.51491053677933
2008,global,3018,3x3x3 Blindfolded,508,16.832339297548046
2008,global,3018,3x3x3 Fewest Moves,216,7.157057654075547
2008,global,3018,3x3x3 One-Handed,1000,33.13452617627568
2008,global,3018,4x4x4 Blindfolded,59,1.954937044400265
2008,global,3018,4x4x4 Cube,1040,34.45990722332671
2008,global,3018,5x5x5 Blindfolded,21,0.6958250497017893
2008,global,3018,5x5x5 Cube,541,17.925778661365143
2008,global,3018,Clock,151,5.003313452617627
2008,global,3018,Magic,512,16.964877402253148
2008,global,3018,Master Magic,168,5.566600397614314
2008,global,3018,Megaminx,224,7.422133863485753
2008,global,3018,Pyraminx,346,11.464546056991386
2008,global,3018,Square-1,243,8.05168986083499
2008,global,3018,2x2x2 Cube,1309,43.37309476474486
2008,global,3018,3x3x3 With Feet,64,2.1206096752816435
2008,global,3018,6x6x6 Cube,0,0
2008,global,3018,7x7x7 Cube,0,0
2008,global,3018,Skewb,0,0
2008,malaysia,1,3x3x3 Cube,1,100
2008,malaysia,1,3x3x3 Blindfolded,0,0
2008,malaysia,1,3x3x3 Fewest Moves,0,0
2008,malaysia,1,3x3x3 One-Handed,0,0
2008,malaysia,1,4x4x4 Blindfolded,0,0
2008,malaysia,1,4x4x4 Cube,0,0
2008,malaysia,1,5x5x5 Blindfolded,0,0
2008,malaysia,1,5x5x5 Cube,0,0
2008,malaysia,1,Clock,0,0
2008,malaysia,1,Magic,0,0
2008,malaysia,1,Master Magic,0,0
2008,malaysia,1,Megaminx,0,0
2008,malaysia,1,Pyraminx,0,0
2008,malaysia,1,Square-1,0,0
2008,malaysia,1,2x2x2 Cube,0,0
2008,malaysia,1,3x3x3 With Feet,0,0
2008,malaysia,1,6x6x6 Cube,0,0
2008,malaysia,1,7x7x7 Cube,0,0
2008,malaysia,1,Skewb,0,0
2009,global,5101,3x3x3 Cube,4889,95.8439521662419
2009,global,5101,3x3x3 Blindfolded,692,13.565967457361303
2009,global,5101,3x3x3 Fewest Moves,358,7.018231719270732
2009,global,5101,3x3x3 One-Handed,1440,28.229758870809647
2009,global,5101,4x4x4 Blindfolded,78,1.5291119388355225
2009,global,5101,4x4x4 Cube,1629,31.934914722603413
2009,global,5101,5x5x5 Blindfolded,28,0.5489119780435209
2009,global,5101,5x5x5 Cube,1084,21.25073514997059
2009,global,5101,Clock,247,4.842187806312488
2009,global,5101,Magic,1168,22.897471084101156
2009,global,5101,Master Magic,313,6.13605175455793
2009,global,5101,Megaminx,493,9.664771613409135
2009,global,5101,Pyraminx,899,17.62399529504019
2009,global,5101,Square-1,471,9.233483630660654
2009,global,5101,2x2x2 Cube,2056,40.3058223877671
2009,global,5101,3x3x3 With Feet,86,1.685943932562243
2009,global,5101,6x6x6 Cube,287,5.626347774946089
2009,global,5101,7x7x7 Cube,317,6.21446775142129
2009,global,5101,Skewb,0,0
2009,malaysia,151,3x3x3 Cube,145,96.02649006622516
2009,malaysia,151,3x3x3 Blindfolded,12,7.9470198675496695
2009,malaysia,151,3x3x3 Fewest Moves,1,0.6622516556291391
2009,malaysia,151,3x3x3 One-Handed,27,17.880794701986755
2009,malaysia,151,4x4x4 Blindfolded,1,0.6622516556291391
2009,malaysia,151,4x4x4 Cube,30,19.867549668874172
2009,malaysia,151,5x5x5 Blindfolded,0,0
2009,malaysia,151,5x5x5 Cube,22,14.56953642384106
2009,malaysia,151,Clock,0,0
2009,malaysia,151,Magic,25,16.55629139072848
2009,malaysia,151,Master Magic,0,0
2009,malaysia,151,Megaminx,14,9.271523178807946
2009,malaysia,151,Pyraminx,26,17.218543046357617
2009,malaysia,151,Square-1,7,4.635761589403973
2009,malaysia,151,2x2x2 Cube,43,28.47682119205298
2009,malaysia,151,3x3x3 With Feet,0,0
2009,malaysia,151,6x6x6 Cube,0,0
2009,malaysia,151,7x7x7 Cube,0,0
2009,malaysia,151,Skewb,0,0
2010,global,6290,3x3x3 Cube,6013,95.59618441971384
2010,global,6290,3x3x3 Blindfolded,982,15.612082670906199
2010,global,6290,3x3x3 Fewest Moves,613,9.745627980922098
2010,global,6290,3x3x3 One-Handed,2233,35.50079491255962
2010,global,6290,4x4x4 Blindfolded,128,2.0349761526232113
2010,global,6290,4x4x4 Cube,2262,35.96184419713831
2010,global,6290,5x5x5 Blindfolded,55,0.8744038155802861
2010,global,6290,5x5x5 Cube,1367,21.732909379968206
2010,global,6290,Clock,403,6.406995230524642
2010,global,6290,Magic,1728,27.472178060413356
2010,global,6290,Master Magic,649,10.317965023847377
2010,global,6290,Megaminx,720,11.446740858505565
2010,global,6290,Pyraminx,1453,23.100158982511925
2010,global,6290,Square-1,617,9.809220985691573
2010,global,6290,2x2x2 Cube,3270,51.987281399046104
2010,global,6290,3x3x3 With Feet,168,2.670906200317965
2010,global,6290,6x6x6 Cube,414,6.5818759936407
2010,global,6290,7x7x7 Cube,419,6.661367249602544
2010,global,6290,Skewb,0,0
2010,malaysia,171,3x3x3 Cube,157,91.81286549707602
2010,malaysia,171,3x3x3 Blindfolded,19,11.11111111111111
2010,malaysia,171,3x3x3 Fewest Moves,3,1.7543859649122806
2010,malaysia,171,3x3x3 One-Handed,47,27.485380116959064
2010,malaysia,171,4x4x4 Blindfolded,3,1.7543859649122806
2010,malaysia,171,4x4x4 Cube,49,28.654970760233915
2010,malaysia,171,5x5x5 Blindfolded,1,0.5847953216374269
2010,malaysia,171,5x5x5 Cube,29,16.95906432748538
2010,malaysia,171,Clock,4,2.3391812865497075
2010,malaysia,171,Magic,63,36.84210526315789
2010,malaysia,171,Master Magic,14,8.187134502923977
2010,malaysia,171,Megaminx,27,15.789473684210526
2010,malaysia,171,Pyraminx,47,27.485380116959064
2010,malaysia,171,Square-1,17,9.941520467836257
2010,malaysia,171,2x2x2 Cube,79,46.198830409356724
2010,malaysia,171,3x3x3 With Feet,0,0
2010,malaysia,171,6x6x6 Cube,9,5.263157894736842
2010,malaysia,171,7x7x7 Cube,8,4.678362573099415
2010,malaysia,171,Skewb,0,0
2011,global,7312,3x3x3 Cube,7015,95.93818380743983
2011,global,7312,3x3x3 Blindfolded,1215,16.61652078774617
2011,global,7312,3x3x3 Fewest Moves,770,10.530634573304159
2011,global,7312,3x3x3 One-Handed,2822,38.594091903719914
2011,global,7312,4x4x4 Blindfolded,182,2.4890590809628006
2011,global,7312,4x4x4 Cube,2922,39.961706783369806
2011,global,7312,5x5x5 Blindfolded,96,1.312910284463895
2011,global,7312,5x5x5 Cube,1703,23.29048140043764
2011,global,7312,Clock,630,8.615973741794312
2011,global,7312,Magic,2068,28.282275711159738
2011,global,7312,Master Magic,942,12.88293216630197
2011,global,7312,Megaminx,917,12.541028446389497
2011,global,7312,Pyraminx,2031,27.77625820568928
2011,global,7312,Square-1,693,9.477571115973742
2011,global,7312,2x2x2 Cube,4230,57.850109409190374
2011,global,7312,3x3x3 With Feet,300,4.102844638949672
2011,global,7312,6x6x6 Cube,509,6.961159737417944
2011,global,7312,7x7x7 Cube,516,7.0568927789934355
2011,global,7312,Skewb,0,0
2011,malaysia,111,3x3x3 Cube,105,94.5945945945946
2011,malaysia,111,3x3x3 Blindfolded,18,16.216216216216218
2011,malaysia,111,3x3x3 Fewest Moves,4,3.6036036036036037
2011,malaysia,111,3x3x3 One-Handed,43,38.73873873873874
2011,malaysia,111,4x4x4 Blindfolded,6,5.405405405405405
2011,malaysia,111,4x4x4 Cube,39,35.13513513513514
2011,malaysia,111,5x5x5 Blindfolded,2,1.8018018018018018
2011,malaysia,111,5x5x5 Cube,18,16.216216216216218
2011,malaysia,111,Clock,8,7.207207207207207
2011,malaysia,111,Magic,36,32.432432432432435
2011,malaysia,111,Master Magic,17,15.315315315315313
2011,malaysia,111,Megaminx,14,12.612612612612612
2011,malaysia,111,Pyraminx,24,21.62162162162162
2011,malaysia,111,Square-1,7,6.306306306306306
2011,malaysia,111,2x2x2 Cube,57,51.35135135135135
2011,malaysia,111,3x3x3 With Feet,7,6.306306306306306
2011,malaysia,111,6x6x6 Cube,1,0.9009009009009009
2011,malaysia,111,7x7x7 Cube,2,1.8018018018018018
2011,malaysia,111,Skewb,0,0
2012,global,7909,3x3x3 Cube,7571,95.72638765962827
2012,global,7909,3x3x3 Blindfolded,1260,15.931217600202302
2012,global,7909,3x3x3 Fewest Moves,951,12.02427614110507
2012,global,7909,3x3x3 One-Handed,3152,39.8533316474902
2012,global,7909,4x4x4 Blindfolded,208,2.629915286382602
2012,global,7909,4x4x4 Cube,3379,42.72347958022506
2012,global,7909,5x5x5 Blindfolded,95,1.2011632317612846
2012,global,7909,5x5x5 Cube,2151,27.19686433177393
2012,global,7909,Clock,707,8.939183209002403
2012,global,7909,Magic,2191,27.70261727146289
2012,global,7909,Master Magic,1190,15.046149955746618
2012,global,7909,Megaminx,1028,12.997850550006321
2012,global,7909,Pyraminx,2295,29.017574914654194
2012,global,7909,Square-1,680,8.597799974712354
2012,global,7909,2x2x2 Cube,4705,59.489189530914146
2012,global,7909,3x3x3 With Feet,359,4.539132633708434
2012,global,7909,6x6x6 Cube,833,10.532304969022633
2012,global,7909,7x7x7 Cube,717,9.065621443924643
2012,global,7909,Skewb,0,0
2012,malaysia,107,3x3x3 Cube,102,95.32710280373831
2012,malaysia,107,3x3x3 Blindfolded,25,23.364485981308412
2012,malaysia,107,3x3x3 Fewest Moves,1,0.9345794392523363
2012,malaysia,107,3x3x3 One-Handed,51,47.66355140186916
2012,malaysia,107,4x4x4 Blindfolded,8,7.476635514018691
2012,malaysia,107,4x4x4 Cube,51,47.66355140186916
2012,malaysia,107,5x5x5 Blindfolded,3,2.803738317757009
2012,malaysia,107,5x5x5 Cube,35,32.71028037383177
2012,malaysia,107,Clock,15,14.018691588785046
2012,malaysia,107,Magic,48,44.85981308411215
2012,malaysia,107,Master Magic,26,24.299065420560748
2012,malaysia,107,Megaminx,14,13.084112149532709
2012,malaysia,107,Pyraminx,32,29.906542056074763
2012,malaysia,107,Square-1,10,9.345794392523365
2012,malaysia,107,2x2x2 Cube,61,57.009345794392516
2012,malaysia,107,3x3x3 With Feet,6,5.607476635514018
2012,malaysia,107,6x6x6 Cube,1,0.9345794392523363
2012,malaysia,107,7x7x7 Cube,3,2.803738317757009
2012,malaysia,107,Skewb,0,0
2013,global,10262,3x3x3 Cube,9967,97.12531670239719
2013,global,10262,3x3x3 Blindfolded,1535,14.958097836679011
2013,global,10262,3x3x3 Fewest Moves,1106,10.77762619372442
2013,global,10262,3x3x3 One-Handed,3830,37.32215942311441
2013,global,10262,4x4x4 Blindfolded,238,2.3192360163710775
2013,global,10262,4x4x4 Cube,4169,40.62560904307153
2013,global,10262,5x5x5 Blindfolded,148,1.4422139933736113
2013,global,10262,5x5x5 Cube,2563,24.97563827713896
2013,global,10262,Clock,754,7.347495614889884
2013,global,10262,Magic,0,0
2013,global,10262,Master Magic,0,0
2013,global,10262,Megaminx,1526,14.870395634379264
2013,global,10262,Pyraminx,3271,31.874878191385697
2013,global,10262,Square-1,763,7.435197817189632
2013,global,10262,2x2x2 Cube,6021,58.672773338530504
2013,global,10262,3x3x3 With Feet,431,4.199961021243422
2013,global,10262,6x6x6 Cube,1002,9.764178522705127
2013,global,10262,7x7x7 Cube,938,9.140518417462483
2013,global,10262,Skewb,0,0
2013,malaysia,45,3x3x3 Cube,42,93.33333333333333
2013,malaysia,45,3x3x3 Blindfolded,14,31.11111111111111
2013,malaysia,45,3x3x3 Fewest Moves,14,31.11111111111111
2013,malaysia,45,3x3x3 One-Handed,29,64.44444444444444
2013,malaysia,45,4x4x4 Blindfolded,5,11.11111111111111
2013,malaysia,45,4x4x4 Cube,28,62.22222222222222
2013,malaysia,45,5x5x5 Blindfolded,6,13.333333333333334
2013,malaysia,45,5x5x5 Cube,21,46.666666666666664
2013,malaysia,45,Clock,11,24.444444444444443
2013,malaysia,45,Magic,0,0
2013,malaysia,45,Master Magic,0,0
2013,malaysia,45,Megaminx,12,26.666666666666668
2013,malaysia,45,Pyraminx,17,37.77777777777778
2013,malaysia,45,Square-1,8,17.77777777777778
2013,malaysia,45,2x2x2 Cube,29,64.44444444444444
2013,malaysia,45,3x3x3 With Feet,4,8.88888888888889
2013,malaysia,45,6x6x6 Cube,15,33.33333333333333
2013,malaysia,45,7x7x7 Cube,9,20
2013,malaysia,45,Skewb,0,0
2014,global,14599,3x3x3 Cube,14110,96.65045551065141
2014,global,14599,3x3x3 Blindfolded,1773,12.144667442975546
2014,global,14599,3x3x3 Fewest Moves,1372,9.397903966025071
2014,global,14599,3x3x3 One-Handed,4804,32.90636344955134
2014,global,14599,4x4x4 Blindfolded,259,1.774094116035345
2014,global,14599,4x4x4 Cube,5419,37.1189807521063
2014,global,14599,5x5x5 Blindfolded,150,1.0274676347695049
2014,global,14599,5x5x5 Cube,2732,18.71361052126858
2014,global,14599,Clock,892,6.110007534762655
2014,global,14599,Magic,0,0
2014,global,14599,Master Magic,0,0
2014,global,14599,Megaminx,1803,12.350160969929448
2014,global,14599,Pyraminx,5052,34.60510993903692
2014,global,14599,Square-1,867,5.938762928967738
2014,global,14599,2x2x2 Cube,8959,61.36721693266662
2014,global,14599,3x3x3 With Feet,490,3.3563942735803822
2014,global,14599,6x6x6 Cube,1044,7.1511747379957535
2014,global,14599,7x7x7 Cube,952,6.520994588670456
2014,global,14599,Skewb,2666,18.261524761969998
2014,malaysia,64,3x3x3 Cube,58,90.625
2014,malaysia,64,3x3x3 Blindfolded,15,23.4375
2014,malaysia,64,3x3x3 Fewest Moves,13,20.3125
2014,malaysia,64,3x3x3 One-Handed,27,42.1875
2014,malaysia,64,4x4x4 Blindfolded,5,7.8125
2014,malaysia,64,4x4x4 Cube,34,53.125
2014,malaysia,64,5x5x5 Blindfolded,5,7.8125
2014,malaysia,64,5x5x5 Cube,24,37.5
2014,malaysia,64,Clock,9,14.0625
2014,malaysia,64,Magic,0,0
2014,malaysia,64,Master Magic,0,0
2014,malaysia,64,Megaminx,14,21.875
2014,malaysia,64,Pyraminx,24,37.5
2014,malaysia,64,Square-1,8,12.5
2014,malaysia,64,2x2x2 Cube,31,48.4375
2014,malaysia,64,3x3x3 With Feet,7,10.9375
2014,malaysia,64,6x6x6 Cube,10,15.625
2014,malaysia,64,7x7x7 Cube,9,14.0625
2014,malaysia,64,Skewb,8,12.5
2015,global,19412,3x3x3 Cube,18619,95.91489800123635
2015,global,19412,3x3x3 Blindfolded,1954,10.0659385946837
2015,global,19412,3x3x3 Fewest Moves,1741,8.968679167525243
2015,global,19412,3x3x3 One-Handed,6308,32.495363692561305
2015,global,19412,4x4x4 Blindfolded,326,1.6793735833505048
2015,global,19412,4x4x4 Cube,6822,35.14321038532866
2015,global,19412,5x5x5 Blindfolded,170,0.8757469606429014
2015,global,19412,5x5x5 Cube,3505,18.05584174737276
2015,global,19412,Clock,1136,5.852050278178447
2015,global,19412,Magic,0,0
2015,global,19412,Master Magic,0,0
2015,global,19412,Megaminx,2060,10.6119925819081
2015,global,19412,Pyraminx,7399,38.11559859880486
2015,global,19412,Square-1,1129,5.815990109210797
2015,global,19412,2x2x2 Cube,11936,61.487739542551
2015,global,19412,3x3x3 With Feet,603,3.1063259839274675
2015,global,19412,6x6x6 Cube,1434,7.387183185658356
2015,global,19412,7x7x7 Cube,1260,6.490830414176798
2015,global,19412,Skewb,4321,22.259427158458685
2015,malaysia,172,3x3x3 Cube,167,97.09302325581395
2015,malaysia,172,3x3x3 Blindfolded,11,6.395348837209303
2015,malaysia,172,3x3x3 Fewest Moves,9,5.232558139534884
2015,malaysia,172,3x3x3 One-Handed,57,33.13953488372093
2015,malaysia,172,4x4x4 Blindfolded,6,3.488372093023256
2015,malaysia,172,4x4x4 Cube,68,39.53488372093023
2015,malaysia,172,5x5x5 Blindfolded,4,2.3255813953488373
2015,malaysia,172,5x5x5 Cube,29,16.86046511627907
2015,malaysia,172,Clock,8,4.651162790697675
2015,malaysia,172,Magic,0,0
2015,malaysia,172,Master Magic,0,0
2015,malaysia,172,Megaminx,13,7.55813953488372
2015,malaysia,172,Pyraminx,40,23.25581395348837
2015,malaysia,172,Square-1,8,4.651162790697675
2015,malaysia,172,2x2x2 Cube,99,57.55813953488372
2015,malaysia,172,3x3x3 With Feet,5,2.9069767441860463
2015,malaysia,172,6x6x6 Cube,11,6.395348837209303
2015,malaysia,172,7x7x7 Cube,9,5.232558139534884
2015,malaysia,172,Skewb,18,10.465116279069768
2016,global,27575,3x3x3 Cube,26383,95.67724388032637
2016,global,27575,3x3x3 Blindfolded,2469,8.953762466001812
2016,global,27575,3x3x3 Fewest Moves,1968,7.136899365367181
2016,global,27575,3x3x3 One-Handed,8669,31.437896645512236
2016,global,27575,4x4x4 Blindfolded,370,1.341795104261106
2016,global,27575,4x4x4 Cube,9128,33.10244786944696
2016,global,27575,5x5x5 Blindfolded,246,0.8921124206708976
2016,global,27575,5x5x5 Cube,4761,17.26563916591115
2016,global,27575,Clock,1452,5.265639165911152
2016,global,27575,Magic,0,0
2016,global,27575,Master Magic,0,0
2016,global,27575,Megaminx,2966,10.756119673617407
2016,global,27575,Pyraminx,11198,40.60924750679964
2016,global,27575,Square-1,2395,8.685403445149593
2016,global,27575,2x2x2 Cube,17546,63.630099728014514
2016,global,27575,3x3x3 With Feet,753,2.730734360834089
2016,global,27575,6x6x6 Cube,1723,6.248413417951042
2016,global,27575,7x7x7 Cube,1521,5.515865820489574
2016,global,27575,Skewb,6446,23.376246600181325
2016,malaysia,389,3x3x3 Cube,373,95.88688946015425
2016,malaysia,389,3x3x3 Blindfolded,28,7.197943444730077
2016,malaysia,389,3x3x3 Fewest Moves,17,4.370179948586118
2016,malaysia,389,3x3x3 One-Handed,145,37.275064267352185
2016,malaysia,389,4x4x4 Blindfolded,6,1.5424164524421593
2016,malaysia,389,4x4x4 Cube,136,34.96143958868895
2016,malaysia,389,5x5x5 Blindfolded,4,1.0282776349614395
2016,malaysia,389,5x5x5 Cube,77,19.794344473007712
2016,malaysia,389,Clock,16,4.113110539845758
2016,malaysia,389,Magic,0,0
2016,malaysia,389,Master Magic,0,0
2016,malaysia,389,Megaminx,37,9.511568123393316
2016,malaysia,389,Pyraminx,159,40.87403598971722
2016,malaysia,389,Square-1,38,9.768637532133676
2016,malaysia,389,2x2x2 Cube,271,69.66580976863753
2016,malaysia,389,3x3x3 With Feet,6,1.5424164524421593
2016,malaysia,389,6x6x6 Cube,15,3.8560411311053984
2016,malaysia,389,7x7x7 Cube,13,3.3419023136246784
2016,malaysia,389,Skewb,86,22.10796915167095
2017,global,36788,3x3x3 Cube,35243,95.80026095465914
2017,global,36788,3x3x3 Blindfolded,3312,9.00293573991519
2017,global,36788,3x3x3 Fewest Moves,2585,7.026747852560618
2017,global,36788,3x3x3 One-Handed,11759,31.964227465477872
2017,global,36788,4x4x4 Blindfolded,534,1.4515602913993695
2017,global,36788,4x4x4 Cube,12833,34.88365771447211
2017,global,36788,5x5x5 Blindfolded,356,0.9677068609329129
2017,global,36788,5x5x5 Cube,6455,17.54648254865717
2017,global,36788,Clock,2250,6.116124823311949
2017,global,36788,Magic,0,0
2017,global,36788,Master Magic,0,0
2017,global,36788,Megaminx,4740,12.88463629444384
2017,global,36788,Pyraminx,16084,43.72077851473307
2017,global,36788,Square-1,3891,10.576818527780798
2017,global,36788,2x2x2 Cube,23708,64.4449276938132
2017,global,36788,3x3x3 With Feet,1042,2.832445362618245
2017,global,36788,6x6x6 Cube,2509,6.8201587474176355
2017,global,36788,7x7x7 Cube,2100,5.708383168424486
2017,global,36788,Skewb,10060,27.34587365445254
2017,malaysia,671,3x3x3 Cube,652,97.16840536512667
2017,malaysia,671,3x3x3 Blindfolded,41,6.110283159463488
2017,malaysia,671,3x3x3 Fewest Moves,28,4.172876304023846
2017,malaysia,671,3x3x3 One-Handed,295,43.96423248882265
2017,malaysia,671,4x4x4 Blindfolded,7,1.0432190760059614
2017,malaysia,671,4x4x4 Cube,270,40.23845007451565
2017,malaysia,671,5x5x5 Blindfolded,5,0.7451564828614009
2017,malaysia,671,5x5x5 Cube,119,17.73472429210134
2017,malaysia,671,Clock,47,7.004470938897168
2017,malaysia,671,Magic,0,0
2017,malaysia,671,Master Magic,0,0
2017,malaysia,671,Megaminx,84,12.518628912071536
2017,malaysia,671,Pyraminx,296,44.113263785394935
2017,malaysia,671,Square-1,83,12.369597615499254
2017,malaysia,671,2x2x2 Cube,486,72.42921013412817
2017,malaysia,671,3x3x3 With Feet,25,3.7257824143070044
2017,malaysia,671,6x6x6 Cube,39,5.812220566318927
2017,malaysia,671,7x7x7 Cube,31,4.619970193740686
2017,malaysia,671,Skewb,202,30.104321907600596
2018,global,43642,3x3x3 Cube,41638,95.40809312130516
2018,global,43642,3x3x3 Blindfolded,3741,8.572017781036616
2018,global,43642,3x3x3 Fewest Moves,3032,6.9474359561889925
2018,global,43642,3x3x3 One-Handed,13657,31.293249621923835
2018,global,43642,4x4x4 Blindfolded,704,1.6131249713578661
2018,global,43642,4x4x4 Cube,15805,36.21511388112369
2018,global,43642,5x5x5 Blindfolded,463,1.0609046331515513
2018,global,43642,5x5x5 Cube,8172,18.725081343659777
2018,global,43642,Clock,2994,6.860363869666834
2018,global,43642,Magic,0,0
2018,global,43642,Master Magic,0,0
2018,global,43642,Megaminx,6473,14.832042527840153
2018,global,43642,Pyraminx,20707,47.44741304248201
2018,global,43642,Square-1,4768,10.925255487832821
2018,global,43642,2x2x2 Cube,28699,65.76004766051051
2018,global,43642,3x3x3 With Feet,1284,2.9421199761697445
2018,global,43642,6x6x6 Cube,3444,7.891480683745017
2018,global,43642,7x7x7 Cube,2784,6.379176023097016
2018,global,43642,Skewb,13025,29.84510334081848
2018,malaysia,583,3x3x3 Cube,560,96.0548885077187
2018,malaysia,583,3x3x3 Blindfolded,31,5.317324185248713
2018,malaysia,583,3x3x3 Fewest Moves,32,5.4888507718696395
2018,malaysia,583,3x3x3 One-Handed,234,40.13722126929674
2018,malaysia,583,4x4x4 Blindfolded,10,1.7152658662092626
2018,malaysia,583,4x4x4 Cube,264,45.28301886792453
2018,malaysia,583,5x5x5 Blindfolded,9,1.5437392795883362
2018,malaysia,583,5x5x5 Cube,117,20.06861063464837
2018,malaysia,583,Clock,54,9.262435677530018
2018,malaysia,583,Magic,0,0
2018,malaysia,583,Master Magic,0,0
2018,malaysia,583,Megaminx,113,19.382504288164665
2018,malaysia,583,Pyraminx,269,46.14065180102916
2018,malaysia,583,Square-1,71,12.178387650085764
2018,malaysia,583,2x2x2 Cube,408,69.9828473413379
2018,malaysia,583,3x3x3 With Feet,23,3.9451114922813035
2018,malaysia,583,6x6x6 Cube,38,6.518010291595197
2018,malaysia,583,7x7x7 Cube,32,5.4888507718696395
2018,malaysia,583,Skewb,214,36.706689536878216
2019,global,48405,3x3x3 Cube,46273,95.59549633302345
2019,global,48405,3x3x3 Blindfolded,4434,9.160210722032849
2019,global,48405,3x3x3 Fewest Moves,3589,7.414523293048239
2019,global,48405,3x3x3 One-Handed,14647,30.259270736494166
2019,global,48405,4x4x4 Blindfolded,879,1.815928106600558
2019,global,48405,4x4x4 Cube,17539,36.23386013841545
2019,global,48405,5x5x5 Blindfolded,546,1.1279826464208242
2019,global,48405,5x5x5 Cube,9136,18.874083255861997
2019,global,48405,Clock,3441,7.108769755190579
2019,global,48405,Magic,0,0
2019,global,48405,Master Magic,0,0
2019,global,48405,Megaminx,7053,14.570808800743725
2019,global,48405,Pyraminx,22947,47.40625968391695
2019,global,48405,Square-1,5305,10.95961161037083
2019,global,48405,2x2x2 Cube,32251,66.62741452329306
2019,global,48405,3x3x3 With Feet,1645,3.398409255242227
2019,global,48405,6x6x6 Cube,4080,8.428881313913852
2019,global,48405,7x7x7 Cube,3449,7.125296973453156
2019,global,48405,Skewb,14418,29.786179113727922
2019,malaysia,735,3x3x3 Cube,724,98.50340136054422
2019,malaysia,735,3x3x3 Blindfolded,67,9.115646258503402
2019,malaysia,735,3x3x3 Fewest Moves,66,8.979591836734693
2019,malaysia,735,3x3x3 One-Handed,297,40.40816326530612
2019,malaysia,735,4x4x4 Blindfolded,22,2.9931972789115644
2019,malaysia,735,4x4x4 Cube,307,41.76870748299319
2019,malaysia,735,5x5x5 Blindfolded,15,2.0408163265306123
2019,malaysia,735,5x5x5 Cube,192,26.122448979591837
2019,malaysia,735,Clock,68,9.251700680272108
2019,malaysia,735,Magic,0,0
2019,malaysia,735,Master Magic,0,0
2019,malaysia,735,Megaminx,149,20.272108843537413
2019,malaysia,735,Pyraminx,332,45.17006802721089
2019,malaysia,735,Square-1,96,13.061224489795919
2019,malaysia,735,2x2x2 Cube,473,64.35374149659864
2019,malaysia,735,3x3x3 With Feet,35,4.761904761904762
2019,malaysia,735,6x6x6 Cube,79,10.748299319727892
2019,malaysia,735,7x7x7 Cube,72,9.795918367346939
2019,malaysia,735,Skewb,234,31.83673469387755
2020,global,12807,3x3x3 Cube,12183,95.12766455844461
2020,global,12807,3x3x3 Blindfolded,1640,12.805496993831497
2020,global,12807,3x3x3 Fewest Moves,816,6.371515577418599
2020,global,12807,3x3x3 One-Handed,4176,32.60716795502459
2020,global,12807,4x4x4 Blindfolded,273,2.131646755680487
2020,global,12807,4x4x4 Cube,5500,42.945264308581244
2020,global,12807,5x5x5 Blindfolded,135,1.0541110330288124
2020,global,12807,5x5x5 Cube,3123,24.38510189739986
2020,global,12807,Clock,1111,8.67494339033341
2020,global,12807,Magic,0,0
2020,global,12807,Master Magic,0,0
2020,global,12807,Megaminx,2382,18.599203560552823
2020,global,12807,Pyraminx,5857,45.73280237370188
2020,global,12807,Square-1,1787,13.95330678535176
2020,global,12807,2x2x2 Cube,8266,64.54282814086046
2020,global,12807,3x3x3 With Feet,0,0
2020,global,12807,6x6x6 Cube,1524,11.899742328414147
2020,global,12807,7x7x7 Cube,1168,9.120012493167799
2020,global,12807,Skewb,4355,34.00484110252206
2020,malaysia,15,3x3x3 Cube,13,86.66666666666667
2020,malaysia,15,3x3x3 Blindfolded,8,53.333333333333336
2020,malaysia,15,3x3x3 Fewest Moves,4,26.666666666666668
2020,malaysia,15,3x3x3 One-Handed,9,60
2020,malaysia,15,4x4x4 Blindfolded,3,20
2020,malaysia,15,4x4x4 Cube,11,73.33333333333333
2020,malaysia,15,5x5x5 Blindfolded,1,6.666666666666667
2020,malaysia,15,5x5x5 Cube,11,73.33333333333333
2020,malaysia,15,Clock,4,26.666666666666668
2020,malaysia,15,Magic,0,0
2020,malaysia,15,Master Magic,0,0
2020,malaysia,15,Megaminx,7,46.666666666666664
2020,malaysia,15,Pyraminx,8,53.333333333333336
2020,malaysia,15,Square-1,7,46.666666666666664
2020,malaysia,15,2x2x2 Cube,10,66.66666666666666
2020,malaysia,15,3x3x3 With Feet,0,0
2020,malaysia,15,6x6x6 Cube,7,46.666666666666664
2020,malaysia,15,7x7x7 Cube,7,46.666666666666664
2020,malaysia,15,Skewb,9,60
2021,global,9465,3x3x3 Cube,9135,96.513470681458
2021,global,9465,3x3x3 Blindfolded,1200,12.678288431061807
2021,global,9465,3x3x3 Fewest Moves,532,5.6207078711040674
2021,global,9465,3x3x3 One-Handed,3417,36.10142630744849
2021,global,9465,4x4x4 Blindfolded,182,1.9228737453777074
2021,global,9465,4x4x4 Cube,4158,43.930269413629155
2021,global,9465,5x5x5 Blindfolded,118,1.2466983623877443
2021,global,9465,5x5x5 Cube,2272,24.00422609614369
2021,global,9465,Clock,1331,14.062334918119387
2021,global,9465,Magic,0,0
2021,global,9465,Master Magic,0,0
2021,global,9465,Megaminx,1669,17.63338615953513
2021,global,9465,Pyraminx,4275,45.16640253565768
2021,global,9465,Square-1,1421,15.013206550449024
2021,global,9465,2x2x2 Cube,6243,65.95879556259905
2021,global,9465,3x3x3 With Feet,0,0
2021,global,9465,6x6x6 Cube,1001,10.57580559957739
2021,global,9465,7x7x7 Cube,791,8.357105124141574
2021,global,9465,Skewb,2979,31.473851030110932
2021,malaysia,10,3x3x3 Cube,10,100
2021,malaysia,10,3x3x3 Blindfolded,2,20
2021,malaysia,10,3x3x3 Fewest Moves,0,0
2021,malaysia,10,3x3x3 One-Handed,4,40
2021,malaysia,10,4x4x4 Blindfolded,0,0
2021,malaysia,10,4x4x4 Cube,7,70
2021,malaysia,10,5x5x5 Blindfolded,0,0
2021,malaysia,10,5x5x5 Cube,5,50
2021,malaysia,10,Clock,2,20
2021,malaysia,10,Magic,0,0
2021,malaysia,10,Master Magic,0,0
2021,malaysia,10,Megaminx,2,20
2021,malaysia,10,Pyraminx,3,30
2021,malaysia,10,Square-1,2,20
2021,malaysia,10,2x2x2 Cube,5,50
2021,malaysia,10,3x3x3 With Feet,0,0
2021,malaysia,10,6x6x6 Cube,1,10
2021,malaysia,10,7x7x7 Cube,1,10
2021,malaysia,10,Skewb,6,60
2022,global,38056,3x3x3 Cube,36676,96.37376497792727
2022,global,38056,3x3x3 Blindfolded,3534,9.286314904351482
2022,global,38056,3x3x3 Fewest Moves,2310,6.070002102165231
2022,global,38056,3x3x3 One-Handed,12126,31.863569476560862
2022,global,38056,4x4x4 Blindfolded,746,1.9602690771494637
2022,global,38056,4x4x4 Cube,14949,39.28158503258356
2022,global,38056,5x5x5 Blindfolded,480,1.2612991381122556
2022,global,38056,5x5x5 Cube,7942,20.86924532268236
2022,global,38056,Clock,4782,12.565692663443349
2022,global,38056,Magic,0,0
2022,global,38056,Master Magic,0,0
2022,global,38056,Megaminx,6292,16.533529535421483
2022,global,38056,Pyraminx,18613,48.90950178684045
2022,global,38056,Square-1,4822,12.670800924952703
2022,global,38056,2x2x2 Cube,26158,68.73554761404247
2022,global,38056,3x3x3 With Feet,0,0
2022,global,38056,6x6x6 Cube,3831,10.06674374605844
2022,global,38056,7x7x7 Cube,3141,8.253626235022073
2022,global,38056,Skewb,11761,30.904456590288
2022,malaysia,638,3x3x3 Cube,624,97.80564263322884
2022,malaysia,638,3x3x3 Blindfolded,58,9.090909090909092
2022,malaysia,638,3x3x3 Fewest Moves,48,7.523510971786834
2022,malaysia,638,3x3x3 One-Handed,208,32.60188087774294
2022,malaysia,638,4x4x4 Blindfolded,16,2.507836990595611
2022,malaysia,638,4x4x4 Cube,238,37.30407523510972
2022,malaysia,638,5x5x5 Blindfolded,10,1.5673981191222568
2022,malaysia,638,5x5x5 Cube,140,21.9435736677116
2022,malaysia,638,Clock,84,13.166144200626958
2022,malaysia,638,Magic,0,0
2022,malaysia,638,Master Magic,0,0
2022,malaysia,638,Megaminx,114,17.86833855799373
2022,malaysia,638,Pyraminx,308,48.275862068965516
2022,malaysia,638,Square-1,80,12.539184952978054
2022,malaysia,638,2x2x2 Cube,447,70.0626959247649
2022,malaysia,638,3x3x3 With Feet,0,0
2022,malaysia,638,6x6x6 Cube,65,10.18808777429467
2022,malaysia,638,7x7x7 Cube,65,10.18808777429467
2022,malaysia,638,Skewb,217,34.01253918495298
2023,global,61081,3x3x3 Cube,58991,96.5783140420098
2023,global,61081,3x3x3 Blindfolded,5208,8.52638299962345
2023,global,61081,3x3x3 Fewest Moves,3788,6.201601152567902
2023,global,61081,3x3x3 One-Handed,18583,30.423535960445964
2023,global,61081,4x4x4 Blindfolded,1157,1.8942060542558241
2023,global,61081,4x4x4 Cube,21754,35.61500302876508
2023,global,61081,5x5x5 Blindfolded,705,1.1542050719536354
2023,global,61081,5x5x5 Cube,11711,19.17290155694897
2023,global,61081,Clock,9295,15.217498076324881
2023,global,61081,Magic,0,0
2023,global,61081,Master Magic,0,0
2023,global,61081,Megaminx,10430,17.075686383654492
2023,global,61081,Pyraminx,30201,49.44418067811595
2023,global,61081,Square-1,7506,12.288600383097855
2023,global,61081,2x2x2 Cube,40870,66.91115076701429
2023,global,61081,3x3x3 With Feet,0,0
2023,global,61081,6x6x6 Cube,5768,9.443198375927048
2023,global,61081,7x7x7 Cube,4829,7.905895450303695
2023,global,61081,Skewb,18867,30.888492329857076
2023,malaysia,824,3x3x3 Cube,805,97.69417475728154
2023,malaysia,824,3x3x3 Blindfolded,72,8.737864077669903
2023,malaysia,824,3x3x3 Fewest Moves,52,6.310679611650485
2023,malaysia,824,3x3x3 One-Handed,365,44.296116504854375
2023,malaysia,824,4x4x4 Blindfolded,18,2.1844660194174756
2023,malaysia,824,4x4x4 Cube,314,38.10679611650485
2023,malaysia,824,5x5x5 Blindfolded,11,1.3349514563106795
2023,malaysia,824,5x5x5 Cube,165,20.024271844660195
2023,malaysia,824,Clock,102,12.37864077669903
2023,malaysia,824,Magic,0,0
2023,malaysia,824,Master Magic,0,0
2023,malaysia,824,Megaminx,133,16.14077669902913
2023,malaysia,824,Pyraminx,444,53.883495145631066
2023,malaysia,824,Square-1,78,9.466019417475728
2023,malaysia,824,2x2x2 Cube,619,75.12135922330097
2023,malaysia,824,3x3x3 With Feet,0,0
2023,malaysia,824,6x6x6 Cube,88,10.679611650485436
2023,malaysia,824,7x7x7 Cube,72,8.737864077669903
2023,malaysia,824,Skewb,309,37.5
2024,global,49010,3x3x3 Cube,47008,95.91511936339523
2024,global,49010,3x3x3 Blindfolded,4521,9.224648031014079
2024,global,49010,3x3x3 Fewest Moves,3114,6.353805345847786
2024,global,49010,3x3x3 One-Handed,15400,31.42215874311365
2024,global,49010,4x4x4 Blindfolded,993,2.026117118955315
2024,global,49010,4x4x4 Cube,18642,38.03713527851459
2024,global,49010,5x5x5 Blindfolded,665,1.3568659457253622
2024,global,49010,5x5x5 Cube,10006,20.416241583350335
2024,global,49010,Clock,10347,21.11201795551928
2024,global,49010,Magic,0,0
2024,global,49010,Master Magic,0,0
2024,global,49010,Megaminx,9251,18.875739644970412
2024,global,49010,Pyraminx,24816,50.63456437461743
2024,global,49010,Square-1,6524,13.311569067537238
2024,global,49010,2x2x2 Cube,34072,69.52050601917976
2024,global,49010,3x3x3 With Feet,0,0
2024,global,49010,6x6x6 Cube,5316,10.846765966129361
2024,global,49010,7x7x7 Cube,4356,8.887982044480717
2024,global,49010,Skewb,16209,33.07284227708631
2024,malaysia,491,3x3x3 Cube,468,95.31568228105907
2024,malaysia,491,3x3x3 Blindfolded,31,6.313645621181263
2024,malaysia,491,3x3x3 Fewest Moves,16,3.2586558044806515
2024,malaysia,491,3x3x3 One-Handed,214,43.58452138492871
2024,malaysia,491,4x4x4 Blindfolded,8,1.6293279022403258
2024,malaysia,491,4x4x4 Cube,241,49.08350305498982
2024,malaysia,491,5x5x5 Blindfolded,7,1.4256619144602851
2024,malaysia,491,5x5x5 Cube,157,31.975560081466398
2024,malaysia,491,Clock,107,21.792260692464357
2024,malaysia,491,Magic,0,0
2024,malaysia,491,Master Magic,0,0
2024,malaysia,491,Megaminx,135,27.494908350305497
2024,malaysia,491,Pyraminx,284,57.841140529531565
2024,malaysia,491,Square-1,83,16.90427698574338
2024,malaysia,491,2x2x2 Cube,369,75.15274949083503
2024,malaysia,491,3x3x3 With Feet,0,0
2024,malaysia,491,6x6x6 Cube,79,16.08961303462322
2024,malaysia,491,7x7x7 Cube,63,12.830957230142568
2024,malaysia,491,Skewb,185,37.67820773930753
